event,jet,pt,eta,y,phi,mass,px,py,pz,E,H1_percentage,H2_percentage,H3_percentage,truth_flavor,btag_loose,btag_medium,btag_tight
0,1,373.3745729,-1.244344967,-1.24044514,-3.137681073,35.9305338,-373.3717165,-1.460480931,-594.1380906,702.6376347,2.857143,91.428571,0.000000,b,1,1,1
0,2,220.9301556,0.7397862668,0.7265192485,0.04706324662,46.00985667,220.6855262,10.39385243,178.7625081,287.8942077,0.000000,2.040816,0.000000,c,0,0,0
0,3,104.0910628,-0.9002204296,-0.8967232089,0.4696024314,10.31647761,92.82302527,47.10451497,-106.8841014,149.5512962,4.166667,0.000000,87.500000,b,1,1,1
0,4,69.65118526,-0.2531781779,-0.2515065882,-1.339856055,8.128797878,15.94266415,-67.80205799,-17.8231541,72.35350568,85.000000,0.000000,0.000000,b,1,1,1
0,5,42.2205454,-0.5243503067,-0.5193944069,0.8228004369,6.104056422,28.71719088,30.94991764,-23.16685883,48.54417892,0.000000,0.000000,69.565217,b,1,1,1
0,6,25.62210344,-1.399051537,-1.379094346,2.595419892,5.509801272,-21.89456708,13.3086482,-48.73996167,55.33926236,58.823529,5.882353,5.882353,b,1,1,1
